"Refs","Value","Footprint","Qty","DNP"
"C1","0.1u","Capacitor_SMD:C_0805_2012Metric","1",""
"C2","0.1u","Capacitor_SMD:C_0805_2012Metric","1",""
"C3","10u","Footprints:T491A","1",""
"C4","10u","Footprints:T491A","1",""
"C5","0.1u","Capacitor_SMD:C_0805_2012Metric","1",""
"C6","1u","Capacitor_SMD:C_0805_2012Metric","1",""
"C7","10u","Footprints:T491A","1",""
"C8","0.1u","Capacitor_SMD:C_0805_2012Metric","1",""
"C9","4.7u","Footprints:T491A","1",""
"C10","0.1u","Capacitor_SMD:C_0805_2012Metric","1",""
"C11","1u","Capacitor_SMD:C_0805_2012Metric","1",""
"C12","10u","Footprints:T491A","1",""
"C13","0.1u","Capacitor_SMD:C_0805_2012Metric","1",""
"C14","0.1u","Capacitor_SMD:C_0805_2012Metric","1",""
"C15","0.1u","Capacitor_SMD:C_0805_2012Metric","1",""
"C16","0.1u","Capacitor_SMD:C_0805_2012Metric","1",""
"C17","10n","Capacitor_SMD:C_0805_2012Metric","1",""
"C18","0.1u","Capacitor_SMD:C_0805_2012Metric","1",""
"C19","10u","Capacitor_SMD:C_0805_2012Metric","1",""
"C20","100p","Capacitor_SMD:C_0805_2012Metric","1",""
"C21","0.1u","Capacitor_SMD:C_0805_2012Metric","1",""
"C22","1u","Capacitor_SMD:C_0805_2012Metric","1",""
"C23","0.1u","Capacitor_SMD:C_0805_2012Metric","1",""
"C24","10n","Capacitor_SMD:C_0805_2012Metric","1",""
"C25","10n","Capacitor_SMD:C_0805_2012Metric","1",""
"D1","Red","Footprints:LEDC2012X120N","1",""
"D2","Green","Footprints:LEDC2012X120N","1",""
"D3","Blue","Footprints:LEDC2012X120N","1",""
"D4","Red","Footprints:LEDC2012X120N","1",""
"D5","Green","Footprints:LEDC2012X120N","1",""
"D6","Red","Footprints:LEDC2012X120N","1",""
"F1","0ZCH0110AF2E","Footprints:FUSC3226X100N","1",""
"FB1","FBMJ2125HM330-T","Footprints:BEADC2012X105N","1",""
"J1","USB_C_Receptacle","Footprints:BELFUSE_SS-52400-002","1",""
"J2","JST_2mm_LiPo","Footprints:JST_B2B-PH-SM4-TB","1",""
"J3","GSD090012SEU","Footprints:AMPHENOL_GSD090012SEU","1",""
"J4","B4B-XH-AM","Footprints:JST_B4B-XH-AM__LF__SN_","1",""
"J6","Conn_01x05","Connector_PinHeader_2.54mm:PinHeader_1x05_P2.54mm_Vertical","1",""
"MK1","CMC-5042PF-AC","Footprints:CUI_CMC-5042PF-AC","1",""
"Q1","TEMT6000X01","Footprints:TRANS_TEMT6000X01","1",""
"Q2","BC817","Package_TO_SOT_SMD:SOT-23","1",""
"Q3","BC817","Package_TO_SOT_SMD:SOT-23","1",""
"R1","10K","Resistor_SMD:R_0805_2012Metric","1",""
"R2","10K","Resistor_SMD:R_0805_2012Metric","1",""
"R3","5k1","Resistor_SMD:R_0805_2012Metric","1",""
"R4","5k1","Resistor_SMD:R_0805_2012Metric","1",""
"R5","2K","Resistor_SMD:R_0805_2012Metric","1",""
"R6","20K","Resistor_SMD:R_0805_2012Metric","1",""
"R7","470","Resistor_SMD:R_0805_2012Metric","1",""
"R8","470","Resistor_SMD:R_0805_2012Metric","1",""
"R9","470","Resistor_SMD:R_0805_2012Metric","1",""
"R10","330","Resistor_SMD:R_0805_2012Metric","1",""
"R11","1K","Resistor_SMD:R_0805_2012Metric","1",""
"R12","22K1","Resistor_SMD:R_0805_2012Metric","1",""
"R13","47K5","Resistor_SMD:R_0805_2012Metric","1",""
"R14","330","Resistor_SMD:R_0805_2012Metric","1",""
"R15","50","Resistor_SMD:R_0805_2012Metric","1",""
"R16","50","Resistor_SMD:R_0805_2012Metric","1",""
"R17","35WR100KLFTR","Footprints:TRIM_35WR100KLFTR","1",""
"R18","330","Resistor_SMD:R_0805_2012Metric","1",""
"R19","10K","Resistor_SMD:R_0805_2012Metric","1",""
"R20","50","Resistor_SMD:R_0805_2012Metric","1",""
"R22","50","Resistor_SMD:R_0805_2012Metric","1",""
"R23","10K","Resistor_SMD:R_0805_2012Metric","1",""
"R24","4K7","Resistor_SMD:R_0805_2012Metric","1",""
"R25","4K7","Resistor_SMD:R_0805_2012Metric","1",""
"R26","2K","Resistor_SMD:R_0805_2012Metric","1",""
"R27","1M","Resistor_SMD:R_0805_2012Metric","1",""
"R28","2K","Resistor_SMD:R_0805_2012Metric","1",""
"R29","1M","Resistor_SMD:R_0805_2012Metric","1",""
"R30","1K","Resistor_SMD:R_0805_2012Metric","1",""
"R31","22K","Resistor_SMD:R_0805_2012Metric","1",""
"R32","10K","Resistor_SMD:R_0805_2012Metric","1",""
"R33","10K","Resistor_SMD:R_0805_2012Metric","1",""
"R34","10K","Resistor_SMD:R_0805_2012Metric","1",""
"SW1","1101NE","USLPT2819DT2TR:SW_USLPT2819DT2TR","1",""
"SW2","1101NE","USLPT2819DT2TR:SW_USLPT2819DT2TR","1",""
"TP1","Test MOSI","TestPoint:TestPoint_Pad_D1.0mm","1",""
"TP2","Test MISO","TestPoint:TestPoint_Pad_D1.0mm","1",""
"TP3","Test CLK","TestPoint:TestPoint_Pad_D1.0mm","1",""
"TP4","TEST CS_SD","TestPoint:TestPoint_Pad_D1.0mm","1",""
"TP5","TEST CS","TestPoint:TestPoint_Pad_D1.0mm","1",""
"U1","MCP73871","Package_DFN_QFN:QFN-20-1EP_4x4mm_P0.5mm_EP2.5x2.5mm","1",""
"U2","LM1117MPX-3.3_NOPB","Footprints:VREG_LM1117MPX-3.3","1",""
"U3","ESP32-C3-WROOM-02-H4","Footprints:MODULE_ESP32-C3-WROOM-02-H4","1",""
"U4","CP2102N-A02-GQFN20","Package_DFN_QFN:SiliconLabs_QFN-20-1EP_3x3mm_P0.5mm_EP1.8x1.8mm","1",""
"U5","USBLC6-2SC6","Package_TO_SOT_SMD:SOT-23-6","1",""
"U6","W25Q32JVSSIQ","Footprints:SOIC127P790X216-8N","1",""
"U7","BME280","Footprints:PSON65P250X250X100-8N","1",""
"U8","MAX4466EXK+T","Footprints:SOT65P210X110-5N","1",""
